DROP TABLE IF EXISTS `inbox`;
DROP TABLE IF EXISTS `inbox_files`;
DROP TABLE IF EXISTS `inbox_receiver`;
DROP TABLE IF EXISTS `inbox_reference`;
DROP TABLE IF EXISTS `inbox_disposisi`;
DROP TABLE IF EXISTS `people_history`;
DROP TABLE IF EXISTS `peoplesession`;
DROP TABLE IF EXISTS `people`;
DROP TABLE IF EXISTS `berkas_history`;
DROP TABLE IF EXISTS `berkas`;
DROP TABLE IF EXISTS `classification`;
DROP TABLE IF EXISTS `role`;
DROP TABLE IF EXISTS `tb_setting`;
DROP TABLE IF EXISTS `groups`;
DROP TABLE IF EXISTS `master_front`;
DROP TABLE IF EXISTS `master_aksespublik`;
DROP TABLE IF EXISTS `master_bahasa`;
DROP TABLE IF EXISTS `master_btn`;
DROP TABLE IF EXISTS `master_file_allowed`;
DROP TABLE IF EXISTS `master_jnaskah`;
DROP TABLE IF EXISTS `master_kategoriarsip`;
DROP TABLE IF EXISTS `master_media`;
DROP TABLE IF EXISTS `master_penyusutan`;
DROP TABLE IF EXISTS `master_report_name`;
DROP TABLE IF EXISTS `master_satuanunit`;
DROP TABLE IF EXISTS `master_sifat`;
DROP TABLE IF EXISTS `master_tperkembangan`;
DROP TABLE IF EXISTS `master_urgensi`;
DROP TABLE IF EXISTS `master_instansi`;
DROP TABLE IF EXISTS `master_vital`;
DROP TABLE IF EXISTS `master_color`;
DROP TABLE IF EXISTS `master_doc_template`;
DROP TABLE IF EXISTS `chat`;
DROP TABLE IF EXISTS `master_disposisi`;
DROP TABLE IF EXISTS `master_gjabatan`;
CREATE TABLE `master_disposisi` (`DisposisiId` varchar(14) NOT NULL,`DisposisiName` varchar(100) NOT NULL, `gjabatanId` varchar(14) NOT NULL, PRIMARY KEY (`DisposisiId`)) ENGINE=InnoDB DEFAULT CHARSET=latin1 CHECKSUM=1 DELAY_KEY_WRITE=1 ROW_FORMAT=DYNAMIC;
CREATE TABLE `master_gjabatan` (`gjabatanId` varchar(14) NOT NULL,`gjabatanName` varchar(50) NOT NULL,  PRIMARY KEY (`gjabatanId`)) ENGINE=InnoDB DEFAULT CHARSET=latin1 CHECKSUM=1 DELAY_KEY_WRITE=1 ROW_FORMAT=DYNAMIC;
CREATE TABLE `classification` ( `ClKey` varchar(13) NOT NULL, `ClId` int(11) unsigned NOT NULL, `ClParentId` int(10) unsigned DEFAULT NULL, `ClCode` varchar(25) NOT NULL, `ClName` varchar(255) NOT NULL, `ClDesc` text, `RetensiThn_Active` int(2) DEFAULT NULL, `RetensiThn_InActive` int(2) DEFAULT NULL, `SusutId` varchar(14) NOT NULL, `CIStatus` int(2) DEFAULT NULL, `ClStatusParent` int(2) DEFAULT NULL, PRIMARY KEY (`ClKey`,`ClId`)) ENGINE=InnoDB DEFAULT CHARSET=latin1 CHECKSUM=1 DELAY_KEY_WRITE=1 ROW_FORMAT=DYNAMIC;
CREATE TABLE `berkas` ( `BerkasKey` varchar(13) NOT NULL,  `BerkasId` int(11) NOT NULL DEFAULT '0',  `RoleId` varchar(250) DEFAULT NULL,  `ClId` int(11) NOT NULL,  `klasifikasi` varchar(50) DEFAULT NULL, `BerkasNumber` int(50) DEFAULT NULL,  `BerkasName` varchar(250) DEFAULT NULL,  `RetensiTipe_Active` varchar(15) DEFAULT NULL,  `RetensiValue_Active` date DEFAULT NULL,  `RetensiTipe_InActive` varchar(15) DEFAULT NULL,  `RetensiValue_InActive` date DEFAULT NULL, `SusutId` varchar(14) DEFAULT NULL,  `BerkasLokasi` varchar(250) DEFAULT NULL,  `BerkasDesc` text,  `CreatedBy` int(11) DEFAULT NULL,  `CreationDate` date DEFAULT NULL,  `BerkasStatus` varchar(15) DEFAULT NULL,  `BerkasCountSince` varchar(15) DEFAULT NULL,  PRIMARY KEY (`BerkasKey`,`BerkasId`)) ENGINE=InnoDB DEFAULT CHARSET=latin1 CHECKSUM=1 DELAY_KEY_WRITE=1 ROW_FORMAT=DYNAMIC;
CREATE TABLE `berkas_history` ( `BerkasKey` varchar(13) DEFAULT NULL, `BerkasId` int(11) DEFAULT NULL, `PeopleId` int(11) DEFAULT NULL, `PrimaryRoleId` varchar(250) DEFAULT NULL, `ActionDate` date DEFAULT NULL, `ActionType` varchar(35) DEFAULT NULL) ENGINE=InnoDB DEFAULT CHARSET=latin1;
CREATE TABLE `role` ( `RoleKey` varchar(12) NOT NULL, `RoleId` varchar(250) NOT NULL, `RoleParentId` varchar(250) NOT NULL, `RoleName` varchar(255) NOT NULL, `RoleDesc` varchar(255) DEFAULT NULL, `RoleStatus` int(2) DEFAULT '1', `gjabatanId` varchar(14) NOT NULL, PRIMARY KEY (`RoleKey`,`RoleId`)) ENGINE=InnoDB DEFAULT CHARSET=latin1 CHECKSUM=1 DELAY_KEY_WRITE=1 ROW_FORMAT=DYNAMIC;
CREATE TABLE `people` ( `PeopleKey` varchar(15) NOT NULL, `PeopleId` int(15) NOT NULL, `PeopleName` varchar(150) NOT NULL, `PeoplePosition` varchar(150) DEFAULT NULL, `PeopleUsername` varchar(40) NOT NULL, `PeoplePassword` varchar(250) NOT NULL, `PeopleActiveStartDate` date DEFAULT NULL, `PeopleActiveEndDate` date DEFAULT NULL, `PeopleIsActive` tinyint(1) NOT NULL DEFAULT '1', `PrimaryRoleId` varchar(250) DEFAULT NULL, `GroupId` int(11) DEFAULT NULL, `RoleAtasan` varchar(250) NOT NULL, PRIMARY KEY (`PeopleKey`,`PeopleId`), KEY `FK_people` (`PeopleKey`,`PrimaryRoleId`), CONSTRAINT `FK_people` FOREIGN KEY (`PeopleKey`, `PrimaryRoleId`) REFERENCES `role` (`RoleKey`, `RoleId`)) ENGINE=InnoDB DEFAULT CHARSET=latin1 CHECKSUM=1 DELAY_KEY_WRITE=1 ROW_FORMAT=DYNAMIC;
CREATE TABLE `people_history` ( `HKey` varchar(15) DEFAULT NULL, `HId` int(11) DEFAULT NULL, `PeopleId` int(11) DEFAULT NULL,  `PeoplePosition` varchar(150) DEFAULT NULL,  `RoleId` varchar(250) DEFAULT NULL,  `RoleName` varchar(150) DEFAULT NULL, `HDate` date DEFAULT NULL, KEY `FK_people_history` (`HKey`,`PeopleId`), CONSTRAINT `FK_people_history` FOREIGN KEY (`HKey`, `PeopleId`) REFERENCES `people` (`PeopleKey`, `PeopleId`)) ENGINE=InnoDB DEFAULT CHARSET=latin1;
CREATE TABLE `peoplesession` ( `SessionKey` varchar(15) DEFAULT NULL, `PeopleId` int(11) DEFAULT NULL, `SessionId` varchar(25) DEFAULT NULL, `OnlineSince` datetime DEFAULT NULL, `IPAddress` varchar(25) DEFAULT NULL, KEY `FK_peoplesession` (`SessionKey`,`PeopleId`), CONSTRAINT `FK_peoplesession` FOREIGN KEY (`SessionKey`, `PeopleId`) REFERENCES `people` (`PeopleKey`, `PeopleId`)) ENGINE=InnoDB DEFAULT CHARSET=latin1 CHECKSUM=1 DELAY_KEY_WRITE=1 ROW_FORMAT=DYNAMIC;
CREATE TABLE `tb_setting` ( `tb_key` varchar(15) DEFAULT NULL, `nama_instansi` varchar(250) DEFAULT NULL, `versi` varchar(15) DEFAULT NULL) ENGINE=MyISAM DEFAULT CHARSET=latin1;
CREATE TABLE `groups` ( `GroupKey` varchar(15) COLLATE utf8_unicode_ci DEFAULT NULL, `GroupId` int(10) unsigned NOT NULL AUTO_INCREMENT, `GroupName` varchar(50) COLLATE utf8_unicode_ci DEFAULT NULL,  PRIMARY KEY (`GroupId`)) ENGINE=InnoDB AUTO_INCREMENT=4 DEFAULT CHARSET=utf8 COLLATE=utf8_unicode_ci;
CREATE TABLE `master_front` ( `FrontKey` varchar(15) DEFAULT NULL, `FrontTitle` varchar(150), `FrontLabel` text, `FrontImage` varchar(250) DEFAULT NULL) ENGINE=MyISAM DEFAULT CHARSET=latin1;
CREATE TABLE `master_aksespublik` ( `APId` varchar(14) NOT NULL, `APName` varchar(30) NOT NULL, PRIMARY KEY (`APId`)) ENGINE=InnoDB DEFAULT CHARSET=latin1 CHECKSUM=1 DELAY_KEY_WRITE=1 ROW_FORMAT=DYNAMIC;
CREATE TABLE `master_bahasa` ( `LangId` varchar(14) NOT NULL, `LangName` varchar(20) NOT NULL, PRIMARY KEY (`LangId`)) ENGINE=InnoDB DEFAULT CHARSET=latin1 CHECKSUM=1 DELAY_KEY_WRITE=1 ROW_FORMAT=DYNAMIC;
CREATE TABLE `master_file_allowed` ( `TipeId` varchar(14) NOT NULL, `TipeExt` varchar(15) NOT NULL, PRIMARY KEY (`TipeId`), UNIQUE KEY `TipeId` (`TipeId`)) ENGINE=InnoDB DEFAULT CHARSET=latin1 CHECKSUM=1 DELAY_KEY_WRITE=1 ROW_FORMAT=DYNAMIC;
CREATE TABLE `master_jnaskah` ( `JenisId` varchar(14) CHARACTER SET latin1 NOT NULL, `JenisName` varchar(50) CHARACTER SET latin1 NOT NULL, PRIMARY KEY (`JenisId`)) ENGINE=InnoDB DEFAULT CHARSET=utf8 COLLATE=utf8_unicode_ci;
CREATE TABLE `master_kategoriarsip` ( `KatId` varchar(14) NOT NULL, `KatName` varchar(50) NOT NULL, PRIMARY KEY (`KatId`)) ENGINE=InnoDB DEFAULT CHARSET=latin1 CHECKSUM=1 DELAY_KEY_WRITE=1 ROW_FORMAT=DYNAMIC;
CREATE TABLE `master_media` ( `MediaId` varchar(14) CHARACTER SET latin1 NOT NULL, `MediaName` varchar(50) CHARACTER SET latin1 NOT NULL, PRIMARY KEY (`MediaId`)) ENGINE=InnoDB DEFAULT CHARSET=utf8 COLLATE=utf8_unicode_ci;
CREATE TABLE `master_penyusutan` ( `SusutId` varchar(14) NOT NULL, `SusutName` varchar(50) NOT NULL, PRIMARY KEY (`SusutId`)) ENGINE=InnoDB DEFAULT CHARSET=latin1 CHECKSUM=1 DELAY_KEY_WRITE=1 ROW_FORMAT=DYNAMIC;
CREATE TABLE `master_report_name` ( `RId` varchar(14) NOT NULL, `RName` varchar(45) NOT NULL, PRIMARY KEY (`RId`)) ENGINE=InnoDB DEFAULT CHARSET=latin1;
CREATE TABLE `master_satuanunit` ( `MeasureUnitId` varchar(14) NOT NULL, `MeasureUnitName` varchar(50) NOT NULL, PRIMARY KEY (`MeasureUnitId`)) ENGINE=InnoDB DEFAULT CHARSET=latin1 CHECKSUM=1 DELAY_KEY_WRITE=1 ROW_FORMAT=DYNAMIC;
CREATE TABLE `master_btn` (`btn_key` varchar(15) NOT NULL, `btn_func` varchar(10) DEFAULT NULL, `btn_text` varchar(35) DEFAULT NULL, `btn_desc` varchar(100) DEFAULT NULL) ENGINE=InnoDB DEFAULT CHARSET=latin1;
CREATE TABLE `master_sifat` ( `SifatId` varchar(14) NOT NULL, `SifatName` varchar(25) NOT NULL, PRIMARY KEY (`SifatId`)) ENGINE=InnoDB DEFAULT CHARSET=latin1 CHECKSUM=1 DELAY_KEY_WRITE=1 ROW_FORMAT=DYNAMIC;
CREATE TABLE `master_tperkembangan` ( `TPId` varchar(14) NOT NULL, `TPName` varchar(50) NOT NULL, PRIMARY KEY (`TPId`)) ENGINE=InnoDB DEFAULT CHARSET=latin1 CHECKSUM=1 DELAY_KEY_WRITE=1 ROW_FORMAT=DYNAMIC;
CREATE TABLE `master_urgensi` ( `UrgensiId` varchar(14) NOT NULL, `UrgensiName` varchar(50) NOT NULL, PRIMARY KEY (`UrgensiId`)) ENGINE=InnoDB DEFAULT CHARSET=latin1 CHECKSUM=1 DELAY_KEY_WRITE=1 ROW_FORMAT=DYNAMIC;
CREATE TABLE `master_vital` ( `VitId` varchar(14) NOT NULL, `VitName` varchar(50) NOT NULL, PRIMARY KEY (`VitId`)) ENGINE=InnoDB DEFAULT CHARSET=latin1 CHECKSUM=1 DELAY_KEY_WRITE=1 ROW_FORMAT=DYNAMIC;
CREATE TABLE `master_color` ( `CKey` varchar(12) default NULL, `CUsed` varchar(12) default NULL, `Color` varchar(7) default NULL, `CDesc` varchar(50) default NULL) ENGINE=MyISAM DEFAULT CHARSET=latin1 CHECKSUM=1 DELAY_KEY_WRITE=1 ROW_FORMAT=DYNAMIC;
CREATE TABLE `master_instansi` ( `id` int(11) NOT NULL AUTO_INCREMENT, `kode_instansi` varchar(35) DEFAULT NULL, `nama_instansi` varchar(250) DEFAULT NULL, `nama_resmi` varchar(250) DEFAULT NULL, `tipe_instansi` varchar(250) DEFAULT NULL, `tgl` date, `fungsi` varchar(250) DEFAULT NULL, `mandat` varchar(250) DEFAULT NULL, `status_instansi` varchar(2) DEFAULT NULL, `creation_by` varchar(15) DEFAULT NULL, `created_date` datetime DEFAULT NULL, PRIMARY KEY (`id`)) ENGINE=InnoDB DEFAULT CHARSET=latin1;
CREATE TABLE `master_doc_template` ( `doc_id` varchar(50) NOT NULL, `doc_desc` varchar(250) DEFAULT NULL, `doc_file` varchar(250) DEFAULT NULL, `upload_date` datetime DEFAULT NULL, PRIMARY KEY (`doc_id`) ) ENGINE=InnoDB DEFAULT CHARSET=latin1;
CREATE TABLE `inbox` ( `NKey` varchar(13) NOT NULL, `NId` varchar(100) NOT NULL comment 'Naskah ID', `NTglReg` datetime DEFAULT NULL, `CreatedBy` int(11) DEFAULT NULL, `CreationRoleId` varchar(250) DEFAULT NULL, `JenisId` varchar(14) DEFAULT NULL, `TPId` varchar(14) DEFAULT NULL, `Tgl` date DEFAULT NULL, `Nomor` varchar(100) DEFAULT NULL, `Hal` varchar(250) DEFAULT NULL, `UrgensiId` varchar(14) DEFAULT NULL, `SifatId` varchar(14) DEFAULT NULL, `KatId` varchar(14) DEFAULT NULL, `APId` varchar(14) DEFAULT NULL, `Pengirim` varchar(8) DEFAULT NULL, `InstansiPengirim` varchar(150) DEFAULT NULL, `NamaPengirim` varchar(150) DEFAULT NULL, `JabatanPengirim` varchar(150) DEFAULT NULL, `NFileDir` varchar(250) DEFAULT NULL, `MediaId` varchar(14) DEFAULT NULL, `LangId` varchar(14) DEFAULT NULL, `NIsi` text, `VitId` varchar(14) DEFAULT NULL, `NJml` int(11) DEFAULT NULL, `MeasureId` varchar(14) DEFAULT NULL, `NLokasi` varchar(100) DEFAULT NULL, `BerkasId` int(11) DEFAULT NULL, `NTipe` varchar(15) DEFAULT NULL, `NAgenda` varchar(150) DEFAULT NULL, `Tesaurus` varchar(150) DEFAULT NULL, PRIMARY KEY (`NKey`,`NId`), KEY `FK_inbox` (`NKey`,`BerkasId`), KEY `FK_inbox_AP` (`APId`), KEY `FK_inbox_Lang` (`LangId`), KEY `FK_inbox_J` (`JenisId`), KEY `FK_inbox_K` (`KatId`), KEY `FK_inbox_TP` (`TPId`), KEY `FK_inbox_U` (`UrgensiId`), KEY `FK_inbox_M` (`MediaId`), KEY `FK_inbox_V` (`VitId`), CONSTRAINT `FK_inbox` FOREIGN KEY (`NKey`, `BerkasId`) REFERENCES `berkas` (`BerkasKey`, `BerkasId`), CONSTRAINT `FK_inbox_AP` FOREIGN KEY (`APId`) REFERENCES `master_aksespublik` (`APId`), CONSTRAINT `FK_inbox_J` FOREIGN KEY (`JenisId`) REFERENCES `master_jnaskah` (`JenisId`), CONSTRAINT `FK_inbox_K` FOREIGN KEY (`KatId`) REFERENCES `master_kategoriarsip` (`KatId`), CONSTRAINT `FK_inbox_Lang` FOREIGN KEY (`LangId`) REFERENCES `master_bahasa` (`LangId`), CONSTRAINT `FK_inbox_M` FOREIGN KEY (`MediaId`) REFERENCES `master_media` (`MediaId`), CONSTRAINT `FK_inbox_TP` FOREIGN KEY (`TPId`) REFERENCES `master_tperkembangan` (`TPId`), CONSTRAINT `FK_inbox_U` FOREIGN KEY (`UrgensiId`) REFERENCES `master_urgensi` (`UrgensiId`), CONSTRAINT `FK_inbox_V` FOREIGN KEY (`VitId`) REFERENCES `master_vital` (`VitId`)) ENGINE=InnoDB DEFAULT CHARSET=latin1 CHECKSUM=1 DELAY_KEY_WRITE=1 ROW_FORMAT=DYNAMIC;
CREATE TABLE `inbox_disposisi` ( `NId` varchar(100) DEFAULT NULL, `GIR_Id` varchar(20) DEFAULT NULL, `NoIndex` varchar(25) DEFAULT NULL, `Sifat` varchar(25) DEFAULT NULL, `Disposisi` varchar(250) DEFAULT NULL ) ENGINE=MyISAM DEFAULT CHARSET=latin1;
CREATE TABLE `inbox_files` ( `FileKey` varchar(13) NOT NULL, `GIR_Id` varchar(20) NOT NULL default '0' COMMENT 'Group ID', `NId` varchar(100) default '0' NOT NULL comment 'Naskah ID', `PeopleID` int(11) DEFAULT NULL, `PeopleRoleID` varchar(250) DEFAULT NULL, `FileName_real` tinytext, `FileName_fake` tinytext, `FileStatus` varchar(20) DEFAULT NULL, `EditedDate` datetime DEFAULT NULL, `Keterangan` varchar(150) DEFAULT NULL) ENGINE=InnoDB DEFAULT CHARSET=latin1 CHECKSUM=1 DELAY_KEY_WRITE=1 ROW_FORMAT=DYNAMIC;
CREATE TABLE `inbox_receiver` (  `NKey` varchar(13) NOT NULL,  `NId` varchar(100) NOT NULL COMMENT 'Naskah ID',  `GIR_Id` varchar(100) NOT NULL DEFAULT '0' COMMENT 'Group ID',  `From_Id` int(11) DEFAULT NULL,  `RoleId_From` varchar(150) DEFAULT NULL,  `To_Id` varchar(50) DEFAULT NULL,  `RoleId_To` varchar(150) DEFAULT NULL,  `ReceiverAs` varchar(15) DEFAULT NULL,  `Msg` text,  `StatusReceive` varchar(20) DEFAULT NULL,  `ReceiveDate` datetime DEFAULT NULL, `To_Id_Desc` varchar(150) NULL) ENGINE=InnoDB DEFAULT CHARSET=latin1 CHECKSUM=1 DELAY_KEY_WRITE=1 ROW_FORMAT=DYNAMIC;
CREATE TABLE `inbox_reference` ( `RefKey` varchar(13) DEFAULT NULL, `NId` varchar(100) DEFAULT NULL, `Id_Ref` varchar(100) DEFAULT NULL, `Ref_Type` varchar(15) DEFAULT NULL, `Ref_With` varchar(15) default NULL, KEY `FK_inbox_reference` (`NId`)) ENGINE=InnoDB DEFAULT CHARSET=latin1 CHECKSUM=1 DELAY_KEY_WRITE=1 ROW_FORMAT=DYNAMIC;
CREATE TABLE `chat` (`id` int(10) unsigned NOT NULL AUTO_INCREMENT, `from` varchar(255) NOT NULL DEFAULT '', `to` varchar(255) NOT NULL DEFAULT '', `message` text NOT NULL, PRIMARY KEY (`id`), KEY `to` (`to`), KEY `from` (`from`)) ENGINE=InnoDB DEFAULT CHARSET=latin1;
insert  into `master_gjabatan`(`gjabatanId`,`gjabatanName`) values ('_GenKey_.1','Pimpinan Instansi'),('_GenKey_.2','Eselon I'),('_GenKey_.3','Eselon II'),('_GenKey_.4','Eselon III'),('_GenKey_.5','Eselon IV'),('_GenKey_.6','Unit Kearsipan');
insert  into `role`(`RoleKey`,`RoleId`,`RoleParentId`,`RoleName`,`RoleDesc`,`RoleStatus`,`gjabatanId`) values ('_GenKey_','root','','Administrator','Administrator',1,''),('_GenKey_','uk','root','Unit Kearsipan','Unit Kearsipan',1,'');
insert  into `people`(`PeopleKey`,`PeopleId`,`PeopleName`,`PeoplePosition`,`PeopleUsername`,`PeoplePassword`,`PeopleActiveStartDate`,`PeopleActiveEndDate`,`PeopleIsActive`,`PrimaryRoleId`,`GroupId`,`RoleAtasan`) values ('_GenKey_',1,'Administrator','Administrator','admin','0192023a7bbd73250516f069df18b500','0001-01-01','2999-12-31',1,'root',1,'-');
insert  into `classification`(`ClKey`,`ClId`,`ClParentId`,`ClCode`,`ClName`,`ClDesc`,`RetensiThn_Active`,`RetensiThn_InActive`,`SusutId`,`CIStatus`,`ClStatusParent`) values ('_GenKey_',1,0,'SK','Semua Klasifikasi','Klasifikasi Induk','0','0','','1','1');
insert  into `berkas`(`BerkasKey`,`BerkasId`,`RoleId`,`ClId`,`klasifikasi`,`BerkasNumber`,`BerkasName`,`RetensiTipe_Active`,`RetensiValue_Active`,`RetensiTipe_InActive`,`RetensiValue_InActive`,`SusutId`,`BerkasLokasi`,`BerkasDesc`,`CreatedBy`,`CreationDate`,`BerkasStatus`,`BerkasCountSince`) values ('_GenKey_',1,'root',1,NULL,'0','General Temp','tgl','2013-12-01',NULL,NULL,'0','Lokasi Fisiknya','Berkas Penampungan Sementara',1,'2010-10-04','open','created');
insert  into `groups`(`GroupKey`,`GroupId`,`GroupName`) values ('_GenKey_',1,'Administrator Pusat'),('_GenKey_',2,'Administrator Satuan Organisasi'),('_GenKey_',3,'Pejabat Struktural'),('_GenKey_',4,'Sekretaris'),('_GenKey_',5,'Pencatat Surat');
insert  into `master_front`(`FrontKey`,`FrontTitle`,`FrontLabel`,`FrontImage`) values ('_GenKey_','Selamat Datang','<p>Aplikasi Otomasi Kearsipan ditujukan untuk membantu pengguna dalam melakukan pengelolaan Persuratan yang disesuaikan dengan bisnis proses Aplikasi Persuratan standar.</p>','images/Frontpage/20110503075610.jpg');
insert  into `master_aksespublik`(`APId`,`APName`) values ('_GenKey_.1','Tertutup'),('_GenKey_.2','Terbuka');
insert  into `master_bahasa`(`LangId`,`LangName`) values ('_GenKey_.1','Indonesia'),('_GenKey_.2','Inggris');
insert  into `master_file_allowed`(`TipeId`,`TipeExt`) values ('_GenKey_.1','.doc'),('_GenKey_.2','.docx'),('_GenKey_.3','.pptx'),('_GenKey_.4','.ppt'),('_GenKey_.5','.xls'),('_GenKey_.6','.xlsx'),('_GenKey_.7','.txt'),('_GenKey_.8','.jpeg'),('_GenKey_.9','.jpg'),('_GenKey_.10','.pdf');
insert  into `master_jnaskah`(`JenisId`,`JenisName`) values ('_GenKey_.1','Surat Dinas'),('_GenKey_.2','Surat Undangan');
insert  into `master_kategoriarsip`(`KatId`,`KatName`) values ('_GenKey_.1','Terjaga'),('_GenKey_.2','Umum');
insert  into `master_media`(`MediaId`,`MediaName`) values ('_GenKey_.1','Kertas');
insert  into `master_penyusutan`(`SusutId`,`SusutName`) values ('_GenKey_.1','Musnah'),('_GenKey_.2','Permanen'),('_GenKey_.3','Dinilai Kembali');
insert  into `master_report_name`(`RId`,`RName`) values ('_GenKey_.1','Laporan Umum'),('_GenKey_.2','Laporan arsip Terjaga'),('_GenKey_.3','Laporan arsip Terbuka'),('_GenKey_.4','Laporan arsip Tertutup'),('_GenKey_.5','Laporan arsip Vital'),('_GenKey_.6','Laporan arsip Aktif'),('_GenKey_.7','Laporan arsip InAktif'),('_GenKey_.8','Laporan arsip Usul Musnah'),('_GenKey_.9','Laporan arsip Usul Serah'),('_GenKey_.10','Laporan arsip Dinilai Kembali'),('_GenKey_.11','Laporan arsip Musnah'),('_GenKey_.12','Laporan arsip Serah'),('_GenKey_.13','Laporan arsip Berdasarkan Petugas Registrasi');
insert  into `master_satuanunit`(`MeasureUnitId`,`MeasureUnitName`) values ('_GenKey_.1','Lembar'),('_GenKey_.2','Halaman');
insert  into `master_sifat`(`SifatId`,`SifatName`) values ('_GenKey_.1','Biasa'),('_GenKey_.2','Rahasia Terbatas'),('_GenKey_.3','Rahasia'),('_GenKey_.4','Sangat Rahasia');
insert  into `master_tperkembangan`(`TPId`,`TPName`) values ('_GenKey_.1','Asli'),('_GenKey_.2','Kopi');
insert  into `master_urgensi`(`UrgensiId`,`UrgensiName`) values ('_GenKey_.1','Biasa'),('_GenKey_.2','Segera'),('_GenKey_.3','Amat Segera');
insert  into `master_vital`(`VitId`,`VitName`) values ('_GenKey_.1','Tidak Vital'),('_GenKey_.2','Vital');
insert  into `master_color`(`CKey`,`CUsed`,`Color`,`CDesc`) values ('_GenKey_','to','#a5ee75','Digunakan Untuk Surat Yang Belum Dibuka');
insert into `master_btn` (`btn_key`,`btn_func`,`btn_text`,`btn_desc`) values ('_GenKey_.1','balas','Nota Dinas','Tombol untuk Nota Dinas'),('_GenKey_.2','teruskan','Teruskan','Tombol untuk Meneruskan (Forward)'),('_GenKey_.3','disposisi','Disposisi','Tombol untuk Disposisi'),('_GenKey_.4','usul','Nota Dinas','Tombol untuk Memberi Nota Dinas Usulan'),('_GenKey_.5','ubah','Ubah Metadata','Tombol untuk Ubah Metadata'),('_GenKey_.6','final','Upload Surat Final','Tombol untuk Surat Final'),('_GenKey_.7','kembali','Kembali','Tombol untuk Kembali'),('_GenKey_.8','closed','Tutup Berkas','Tombol untuk Menutup Berkas');
insert  into `tb_setting`(`tb_key`,`nama_instansi`, `versi`) values ('_GenKey_','_Nama Instansi_', '_Versi_');
update inbox_receiver r set r.To_Id_Desc = (select rr.RoleName from role rr where rr.RoleId = r.RoleId_To);
CREATE VIEW `v_berkas_aktif` AS (select `r`.`BerkasId` AS `BerkasId`,`r`.`BerkasStatus` AS `BerkasStatus`,`r`.`BerkasNumber` AS `BerkasNumber`,`r`.`RoleId` AS `RoleId`,`e`.`RoleDesc` AS `RoleDesc`,`r`.`BerkasName` AS `BerkasName`,`r`.`BerkasDesc` AS `BerkasDesc`,`r`.`RetensiValue_Active` AS `RetensiValue_Active`,`r`.`RetensiValue_InActive` AS `RetensiValue_InActive` from (`berkas` `r` join `role` `e`) where ((`r`.`RoleId` = `e`.`RoleId`) and (`r`.`BerkasId` <> '1') and (`r`.`RetensiValue_Active` < curdate())));
CREATE VIEW `v_berkas_inaktif` AS (select `r`.`BerkasId` AS `BerkasId`,`r`.`BerkasStatus` AS `BerkasStatus`,`r`.`BerkasNumber` AS `BerkasNumber`,`r`.`RoleId` AS `RoleId`,`e`.`RoleDesc` AS `RoleDesc`,`r`.`BerkasName` AS `BerkasName`,`r`.`BerkasDesc` AS `BerkasDesc`,`r`.`RetensiValue_Active` AS `RetensiValue_Active`,`r`.`RetensiValue_InActive` AS `RetensiValue_InActive` from (`berkas` `r` join `role` `e`) where ((`r`.`RoleId` = `e`.`RoleId`) and (`r`.`BerkasId` <> '1') and (`r`.`RetensiValue_InActive` < curdate())));
CREATE VIEW `v_jejak_surat` AS (select `i`.`NId` AS `NId`,`i`.`Nomor` AS `Nomor`,`rr`.`ReceiveDate` AS `waktu`,`i`.`Hal` AS `Hal`,`i`.`NTipe` AS `NTipe`,`i`.`BerkasId` AS `BerkasId`,`i`.`Tgl` AS `Tgl`,`i`.`NIsi` AS `NIsi`,`i`.`CreatedBy` AS `CreatedBy`,`i`.`CreationRoleId` AS `CreationRoleId`,`rr`.`RoleId_From` AS `RoleId_From`,`rr`.`RoleId_To` AS `RoleId_To`,`rr`.`StatusReceive` AS `StatusReceive`,`rr`.`ReceiverAs` AS `ReceiverAs`,`rr`.`Msg` AS `Msg`,`rr`.`ReceiverAs` AS `tindakan`,`rr`.`RoleId_From` AS `RoleId_From2`,`rr`.`GIR_Id` AS `GIR_Id`,`i`.`InstansiPengirim` AS `InstansiPengirim` from (`inbox` `i` join `inbox_receiver` `rr` on(((`rr`.`NKey` = `i`.`NKey`) and (`rr`.`NId` = `i`.`NId`)))) where (`i`.`NId` is not null));
CREATE VIEW `v_s_masuk` AS (select `i`.`NId` AS `NId`,`i`.`Nomor` AS `Nomor`,`i`.`Hal` AS `Hal`,`i`.`NTipe` AS `NTipe`,`i`.`BerkasId` AS `BerkasId`,`mu`.`UrgensiName` AS `UrgensiName`, `i`.`Tgl` AS `Tgl`,`i`.`NIsi` AS `NIsi`,`i`.`CreatedBy` AS `CreatedBy`,`i`.`CreationRoleId` AS `CreationRoleId`,`rr`.`RoleId_To` AS `RoleId_To`,`rr`.`StatusReceive` AS `StatusReceive`,`i`.`Instansipengirim` AS `InstansiPengirim` from (`inbox` `i` join `inbox_receiver` `rr` on(((`rr`.`NKey` = `i`.`NKey`) and (`rr`.`NId` = `i`.`NId`))) join `master_urgensi` `mu` on `mu`.`UrgensiId` = `i`.`UrgensiId`) where (`i`.`NId` is not null));